issn,Gold,Wikipedia,Internet,ZDB,abbr
03443825,,,,1081,
02573822,,,271,446,M & R
23650362,,,,1376,
21953120,,135,384,,"Rescriptum, Res"
25102508,,,,1215,
16158032,,68,489,294,ZInsO
21916713,,,,71,
25102346,,,,1287,
04763475,,,126,,PersV
18612903,,,,890,
07218311,,,,1629,
07206356,,17,237,749,JA
18683126,,,408,557,SteuerStud
14224283,,,,1326,
16140702,,,72,846,DuD
21958920,,,587,,ZfZ
01706985,,,,440,
21919828,,,523,,FuS
03440656,,,,111,
21930716,,,,1302,
23660392,,,558,984,ZfRsoz
00240044,,,,527,
00337250,44,44,353,,RabelsZ
18660169,,,,898,
02506440,,,86,189,GesRZ
03412954,,,409,443,StuW
04337646,,,142,323,BVerfGE
16129245,,78,294,630,N&R
18663931,,,225,,Jahresheft IJVO
21926514,,,,739,
09366202,,,,31,
14334674,,,,1079,
27493245,,,,1684,
27480526,,,,19,
1430919X,,,,545,
07214324,,,,1624,
2192211X,,,,503,
09346465,,,,552,
09442316,,,,397,
18661432,,,,534,
21945837,,,137,,ER
05854202,,,,1074,
09366814,,,,991,
9348603,,,323,,NVwZ-RR
0340174X,,,424,,Südosteuropa-Mitt
18678394,,,608,,ZRFC
00442437,13,63,488,1634,ZHR
02590727,,,,70,
14337800,,,,970,
16130782,,,,1564,
20718322,,,173,,GLJ
18693849,,,182,,GRUR-Prax
16124243,,83,517,,EurUP
18620469,,98,200,602,info also
23647205,,,500,,GPR
01730568,,,559,851,zfs
18689094,,,13,,ArbR
18642764,,,363,,RdL
01706489,,,,439,
21923833,,,286,,MIP
01766449,,,,528,
15061817,,,,17,
29423201,,,177,,GuS
23044861,26,,555,1401,ZRG
1613141X,,,,1498,
14233746,,,,1035,
03233286,,,,737,
21908044,,,,1510,
18660886,,,,329,
0073165X,,,,1660,
21944156,,,164,451,FR-Ertragssteuerrecht
01741136,,,538,753,ZKF
00169420,,2,180,1057,GRUR
23665696,,,,1639,
27003353,,,,1040,
04389107,,,,1529,
07227000,,,,982,
03419800,11,,145,422,EuGRZ
02595273,,,,53,
09454969,,,515,,ZEV
16103270,,,,96,
0171225X,,,,104,
14371553,,,414,1229,StE
09416293,,,454,,WiRO
23664290,,,,1469,
21980977,,,,915,
21930759,,,,1285,
21943583,,,,838,
18647227,,,344,18,PHi
22186271,,,333,,ÖZK
07246277,,,,1515,
03448207,,,,413,
09470581,9,,43,267,BB
18661661,,,,1370,
09458700,,,,605,
23653574,,,,1423,
0506662X,,,,311,
03431193,,,,43,
00283460,,137,,303,
02590417,,,,951,
09456538,,,,421,
2589045X,,,19,1428,AfkKR
03405524,,,28,500,ArztR
18619843,,,440,459,VK
10139486,,,338,,RdW
14388332,,,,819,
23647310,,,594,639,WuB
14349272,47,62,304,,NZG
18306462,,,,1200,
03437582,,,,972,
14337231,,,342,,"PflR, PR"
23671394,,,,1086,
18655211,38,,133,,"VERW, Verwaltung, DV"
23661968,,,289,461,"MschrKrim, MKS"
18698743,,,,1578,
04051327,,,,362,
01709291,,,58,,CB
04212991,,31,139,281,EFG
16189442,,,,206,
14325683,,,,345,
14331780,,,510,,NotBZ
27026523,,,,579,
03423514,,,567,491,ZfStrVo
16608909,,,,1277,
23646071,27,,259,726,KritV
18151604,,,,1046,
25103326,,,,1134,
24156868,,,,1513,
07201605,23,,418,786,StV
16137612,,,,856,
1610322X,,,560,,SchiedsVZ
14318180,37,,,,
05142776,,,563,621,"ZSozR, ZSR"
09310983,,103,602,348,ZfU
00038997,40,34,18,87,AcP
09318577,,,569,456,ZTR
26991284,,,372,,RuZ
07219369,,,,1036,
1864497X,,,,1389,
25695010,,,196,1014,HuV-I
25102389,,,,1282,
16149939,,,154,,ERCL
01716697,,,,1381,
23654449,,,,1068,
0254945X,,,561,1690,ZSR
23654643,,,,934,
14364727,,,,894,
00057134,,,,562,
2366584X,,,,1393,
25102370,,,,105,
01797980,,,,1647,
18696252,,,,1240,
25094521,,134,607,,ZLVR
18615937,,,,1582,
0030834X,,,,352,
09363718,,,,41,
23664355,,,,1165,
00436151,,53,456,793,WuW
1615455X,,,,829,
21921733,,,,309,
27003051,,,65,,COVuR
09403914,,,,676,
23668326,,,,334,
1614239X,,,,1503,
18600093,,,,181,
03411389,,,,1627,
10173463,,,578,,ZfV
09414193,,,285,,MittBayNot
09497137,,,325,,NZA-RR
01776738,,,295,,NG/FH
16196260,,,,571,
27484025,,,,1437,
03408426,,,,98,
21965714,,,,204,
0344290X,,,,774,
01700421,,,,428,
13894633,,127,269,,MPYUNL
14341212,,,341,,PKR
23661151,,,280,,MRB
23653485,,,,385,
16178084,,,536,,KoR
26283522,,,,239,
01710826,,,,1139,
00286427,,,,299,
03407381,,,,748,
09301739,,,,650,
03418766,,,,131,
23644990,,,,126,
09492526,,,,594,
16117018,,,,1455,
1015258X,,,,1492,
18615600,,,,1676,
01774565,,,,113,
0029859X,49,14,125,,DÖV
16107780,,,564,,ZSE
23671297,,,,1191,
23651393,,,,1445,
05580781,,,,1568,
18605958,,,,686,
18603580,,,,414,
03409031,,,134,1686,WPg
09433600,,,,1141,
18609651,,,,702,
09480862,,,,1647,
18660908,,,,1353,
14380897,,,,1548,
09380256,,,219,,Jb Extremismus&Demokratie
04315545,,,,823,
07217390,,80,429,337,UPR
25131702,,,,134,
00316660,,,,260,
09478094,,,,518,
01707140,,,,809,
01786679,,,,1576,
26987538,,,,1569,
23652926,,,,1026,
14343460,,,136,,DNotI-Report
00366250,,,,645,
07225474,,,,410,
27492761,,,,341,
07204965,,,,1073,
00389048,,,,701,
18608450,,,,992,
07214316,,,,958,
2942352X,,,443,,VM
2365290X,,,,1123,
18614884,,,,1284,
09303634,,,,363,
03447731,,,,661,
18658261,,,,222,
09401369,,,,1222,
07204841,,,,578,
16123980,,,9,,apf
01706918,,,,1245,
2748842X,,,,1136,
25095285,,,,466,
18656331,,94,497,,ZJS
2364026X,,,,759,
23642688,,,600,,zfm
25689185,,,21,,UFITA
00057037,,,,9,
00121185,,32,,,
0943383X,,90,570,,ZUR
03409481,,,121,,BG
1435439X,,125,520,,ZEuS
21916543,,114,191,,HRN
18676723,,124,69,,JAmt
2193598X,,,,1672,
03413497,,,,1610,
18650015,,,172,,Freilaw
09364544,,,,679,
11288221,,,,1633,
0179308X,,,,1137,
09444521,,144,540,764,ZfL
16183177,,,,1066,
23651342,,,,1606,
21993270,,,,219,
21929815,,,,1101,
25108212,,,,1442,
00283681,,,,1537,
21975442,,,,1017,
05139139,,,,226,
25097709,,,,1107,
09444610,,,223,,JRE
09386041,,,,841,
10261125,,,,107,
0340028X,,,,396,
2510232X,,,,1280,
23662050,,,511,,ZNotP
09375414,,,196,502,HuV-I
18687067,8,,236,246,JZ
21926530,,,,1448,
14507986,,,,1049,
18616593,,,104,772,DGVZ
09355847,,,573,,ZVI
03441970,,,,845,
01707256,,49,73,427,DSB
14230801,,,,36,
09367292,,,506,612,ZAP
14379856,,,,386,
14332442,,,,572,
00757152,,,,1199,
21929491,,,,1467,
09432442,,,389,,SächsVBl
0174559X,,,426,523,TranspR
03411109,,,,781,
18660495,,,,1597,
21982333,,,303,,NZFam
23651288,,,,1299,
16122828,,,,1601,
21991065,,,,895,
14342626,,,261,,LMuR
18654967,,,,1012,
07224966,,,,221,
21935971,,,,1221,
14222019,,,403,,Sic!
23654694,,,,153,
21944229,,,178,,GesR
0431509X,,,,661,
09371680,,,413,,StEd
03407497,,16,544,,ZMR
25684469,,,375,336,Rechtskultur
09372245,,,,116,
18647200,,,417,68,StRR
04402162,,,,353,
00065250,,,461,677,Blutalkohol
29423554,,,459,,WSI Mitt.
14358468,,,,1495,
29423562,36,,474,138,ZaöRV
09489908,,,97,626,"DS, Sachverständige"
00835676,,,,1630,
16152026,,,,1599,
03411044,,,,215,
25105116,,,40,,BerlAnwBl
23665300,,,,876,
09457488,,,,543,
16145666,,,,1108,
23654562,,,,496,
10110070,,,334,,ÖZS
07207395,,,,437,
14359014,,,,1321,
0720003X,,,455,1669,WiVerw
03413977,,73,71,,StAZ
00442550,,,604,,ZgS
2701035X,,,,1060,
25689444,,,,364,
25092324,,,247,,KStZ
25684396,,,,883,
1861700X,,,,73,
23665777,,,,1413,
16155335,,5,242,,JurPC
03425592,,146,446,755,VR
16132556,,,150,,ECFR
09437525,51,86,301,,NZA
18696295,,,167,855,Forderungs-Praktiker
01754467,,,591,63,Str
18668739,,,,1327,
23666765,,,386,,RohR
01757091,,,,804,
18693679,,107,245,,KSzW
16153995,,,435,384,VA
21967288,,,,1552,
21903387,,109,232,,JIPITEC
16624416,,,,1217,
00730092,,,,146,
16119002,,,,847,
14365510,,,15,,AP
26297132,,,423,,StudZR
00183059,,,194,712,HFR
21926557,,,,1449,
16157737,,,217,,JbSR
04079132,,,,358,
14249715,,,,1227,
10190406,,,397,1594,SZIER
18661548,,,,567,
01772805,,,,88,
08633657,,,,955,
18690440,,,,220,
09308571,,,,978,
07206283,,,,1496,
18640192,,,266,,LKRZ
0945781X,,,,234,
01702793,,,,1427,
16189884,,,,1252,
16127056,,,114,315,"DZWIR, DZWir"
09372180,,56,157,798,FuR
05120322,,,,1632,
10432248,,,,1320,
25097687,,,,872,
10278931,,,,524,
23651296,,,,1262,
14343339,,,546,724,ZNER
01706381,,,,495,
01721631,,100,293,,NuR
16172272,,,75,,"AOStB, AO-StB"
09316019,,,,1030,
21958955,,,139,,EFG
1613950X,,116,62,,CuR
18681816,,,175,,GWR
16126394,,,81,,Rpfleger
0173718X,,,,950,
03429407,,,,812,
01723391,,,,533,
05217563,,,,928,
21927472,,,,1166,
09400990,,,,51,
03000990,,,,150,
14371588,,,55,,Bundesgesundheitsbl
16178173,,,159,720,"FamRK, FamR kompakt, FK"
00064475,,,,196,
04351924,,,,1517,
03401545,,,,224,
27495671,,,,593,
16165446,,,,1041,
18646506,,,,118,
08608156,,,,163,
03426971,46,57,593,791,WM
23654570,,,,648,
01736949,,,,1500,
23664398,,,,1407,
00059951,,,42,537,BetrAV
07224834,,,,949,
09318437,,,,1104,
09386181,,,,1559,
23668229,,,,1508,
03440559,,,,1263,
23652721,,,,1340,
02590735,,,244,,KuR
2190345X,,,386,1434,RohR
23665904,,,,1415,
09402144,,,,734,
14226626,,,,1261,
16130235,,,248,,KommJur
09400516,,,,389,
09423516,,,,1417,
18622534,,,551,,ZParl
16151828,,,,324,
14209209,,,,1312,
25110411,,,,907,
1864371X,,54,,,
16118359,,,603,,ZGRE
09351248,,,,1319,
03725766,,,,1156,
16136470,,,,850,
22358498,,,,533,
01755420,,,,1613,
03429199,,,,1028,
09308369,,,430,335,VuR
25098365,,,,1175,
01706454,,,,248,
07233418,,,278,,Mieter-Magazin
18630731,,,,60,
16133986,,,,1019,
21928002,,,584,,ZWH
16196600,,,,1003,
23667117,,,534,,ZJapanR
27492826,,,,1310,
22206957,,,211,,Ip competence
00012343,,140,23,420,ARSP
21908192,,,517,,EurUP
03407489,,,37,85,BauR
1436395X,,,,1142,
07201702,,,,961,
14379171,,,,1337,
01740156,,,,94,
23652764,,,,997,
0936028X,,,,217,
04901630,,,590,,SoSi
01798863,,,200,602,info also
09410465,,,,1020,
21913331,,118,528,,I+E
16118545,,,,1209,
18629210,,,155,,EU-UStB
04357132,,,,310,
21908559,,,481,,BC
07235747,,,,298,
1866167X,,,,1348,
07218028,,,,1406,
14338629,,,275,,MedR
0170642X,,,,436,
16104072,,,82,,ErbStB
18660819,,,,1054,
07226934,,,52,430,BRAK-Mitt
1863141X,,,,1462,
09352538,,,373,,RBD
23642831,,,152,,EDPL
21943761,,,601,,ZfMER
00386006,,,590,,SoSi
09316000,,33,70,,JurBüro
27014215,,,548,,ZögU
10151516,,,35,,BankArch
1867660X,,,212,172,iurratio
21939519,,,525,247,GPR
03012999,,,448,,VSSR
01755390,,,,429,
25683071,,,132,,Ubg
16128095,,,,1596,
00075884,,,54,1625,BBB
05617758,,,,255,
18624790,,,507,487,ErbR
03449777,,,548,,ZögU
18660584,,,165,,FoVo
00169129,,,,344,
25114638,,,,1188,
21952329,,,505,,W+B
18661831,,,,1432,
2750722X,,,387,,VPP-Rundbrief
02506688,,,,42,
14209497,,,401,,SJKR
01791974,,,,1207,
03422496,,,438,,VRS
18617972,,,,1614,
18696902,,,213,,JJZG
04088603,,,,1618,
23668342,,,,839,
10245235,,,,1558,
14369990,,,55,,Bundesgesundheitsbl
21902267,,,,1185,
03234568,,,11,,AuA
18617174,,,,236,
16608399,,,57,480,CSR
21929572,,,,1324,
2365130X,,,,1339,
2366066X,,,156,,FAR
23671254,,,,833,
08637776,,,,665,
18646301,,,,1236,
03426734,,,436,462,VerkMitt
23651415,,,,1447,
18653952,,,63,587,CCZ
18612458,,,,367,
25122282,,,,904,
18687857,,,126,,PersV
0941861X,,,448,,VSSR
21960119,,,472,,ZAT
18616658,,,,510,
1866055X,,,,1673,
09313281,,,22,228,AfP
23671521,,,,1047,
16142179,,,,960,
01717510,,,,644,
18660924,,,,1223,
02325675,,,,237,
01706438,,,,886,
16127676,,,,1578,
14305720,,,292,687,NDV
18672523,,,524,,ZGE
21921792,,,,1155,
16109538,,,,1345,
14392127,,,539,30,ZKM
01726951,,,,606,
21929688,,,,1451,
16186265,,,,38,
23666447,,,,1359,
03413985,,,,671,
23653590,,,,1446,
16125363,,,,1506,
1866993X,,,101,,VerkA
10173021,,,,1647,
00283525,,108,312,792,NZWehrr
16158024,,,422,583,StuB
25100181,,,,158,
21904650,,,,664,
09389512,,,,903,
16626966,,,,180,
23653612,,,,1483,
18621821,,,314,,DAJV Newsletter
25108360,,,,1497,
25703102,,,,1532,
16626958,,,,533,
14348888,,,586,,ZZPInt
13352881,,,,932,
10291776,,,263,,LJZ
0932710X,,,318,,NWVBl
05855934,,,,931,
25099035,,,,1484,
14342618,,,,963,
00140279,,,,380,
25103342,,,,1121,
1612734X,,,492,,ZMGR
23671416,,,,1331,
23664371,,,,1167,
16137450,,,,824,
00752746,,,222,102,JOR
00312258,,,,540,
16138791,,,,89,
09331115,,,,1398,
05225337,,45,38,1688,BayVBl
00269301,,92,289,306,"MschrKrim, MKS"
00425702,,,449,,VfZ
0942590X,,,7,808,AGS
00037761,,,,103,
09316396,,,,1352,
04588460,,,,1382,
27495655,,,,1656,
23671351,,,,1214,
07238886,,,275,683,MedR
09399062,,,348,1635,PdR
07228910,,75,579,,ZFW
00298565,,,95,314,DÖD
07247648,,,452,,WF
09488790,,,347,,FGPrax
09357351,,,,1424,
09467971,,,315,,NdsVBl
0003892X,4,95,17,,AVR
09482482,,,,1064,
25103229,,,,1470,
08672571,,,,400,
09303855,,,457,,wbl
04481429,,,,672,
22238743,,,,1590,
00225940,,,,614,
01780999,,,,994,
27010929,,,,1530,
08655774,,,,264,
00299820,,,,295,
09373632,,,,943,
23654465,,,,865,
23661062,22,,,820,
25099094,,,,869,
09417915,48,97,308,,NZS
03783073,,,,620,
23668377,,,,1473,
21926441,,,,1084,
00139513,,,,595,
23661178,,,88,,IPRB
18690947,,,243,,Kfz-Anwalt
26283646,,,,465,
03785009,,,,816,
03408787,,,,75,
21990271,,,504,,ZDAR
00038911,25,22,16,1491,AöR
21926409,,,,1334,
25098446,,,,1384,
27495744,,,,1143,
23668288,,,,1119,
09377239,,,,435,
01743163,,,162,,FLF
03408329,,126,541,680,ZLW
07201141,,,,245,
00226939,21,4,241,1683,JuS
09357068,,,,1563,
23662638,,,554,,ZPol
03444007,,,,442,
00719927,,,,447,
14388375,,,350,205,PIStB
03234045,26,,555,638,ZRG
00121363,34,20,117,328,DVBl
18660215,,,121,,BG
03408612,,47,110,507,DRiZ
26999846,,,,733,
00075957,,,,3,
23635606,,,,971,
02553678,,,,1206,
10289690,,,153,1124,ELR
14350122,,,351,642,PStR
03403289,,,,147,
00037788,,,,48,
2190815X,,,566,,StoffR
26981742,,,,975,
27494845,,,543,262,zfmr
21935998,,,,1585,
10219978,,,,1158,
01738747,,,,80,
09314415,,,,842,
01708600,,,,1063,
14377594,,,,910,
01722522,,,,801,
16164865,,,,1159,
09438106,,,,1255,
21920141,,,580,,ZfWG
25098551,,,,1456,
23669292,,,,1258,
1866962X,,,,1062,
21903441,,,,882,
04296524,,,,927,
01782096,,,131,449,StW
18648479,,,516,,ZESAR
01706497,,,,407,
29408229,,,135,,DivRuW
00160911,,,,62,
21958947,,,194,,HFR
18649904,,,56,,CCLR
03432149,,,,1556,
25103350,,,,1637,
25696629,,,,1454,
1865519X,,,381,,RT
09454381,,,,175,
18687121,4,,17,,AVR
26992299,,,191,,HRN
16193431,,,,58,
23121920,,,,581,
09462953,,,,1330,
07222521,,,,1466,
16147936,,,565,,ZSteu
09349677,,,552,732,ZfPR
16155610,,,410,860,SAM
21906882,,,,1579,
23668350,,,,996,
26624427,,,442,,VersR
20781059,,,519,,ZfRV
03406881,,,,101,
18612385,,,,415,
00226912,,,239,506,JBl
03438309,,,,132,
00174882,,142,67,750,Grundeigentum
05086205,,,453,,WRP
03408604,,42,107,635,DNotZ
23669365,,,,1478,
09322345,,,185,592,GmbH-Steuerpraxis
16175395,,,208,,IHR
09410503,,,,1293,
1869800X,,,502,,ZStV
09375538,,,,1096,
00670669,,,,945,
04402138,,,,1678,
09476067,,,,1186,
03728021,,,,637,
01721720,,,246,,Kösdi
1434596X,,24,290,,MMR
25099132,,,,941,
03408779,,,,46,
27004570,,,,1267,
04087046,,,,866,
1439801X,,,,154,
14339099,,,122,,BKK
03440567,,,,1230,
00443360,,,553,,ZfP
03430766,,,,1554,
16115112,,,,852,
1439393X,,,,893,
16119533,,,,256,
14380676,,,,460,
07214588,,,,988,
03414388,,,434,689,VD
04337050,,,,494,
0342328X,5,136,471,453,"ZfA, ZFA"
21935769,,,577,,ZVertriebsR
21991723,,,581,,ZWeR
04402154,,,,613,
23651369,,,,1132,
09469958,,,,1268,
18698727,,,,1578,
16603362,,,3,1509,AJP
05662745,,,490,,Kreditwesen
09362800,,113,477,632,ZBB
21945802,,,,1649,
04050479,,,,577,
21935602,,,,1291,
03402479,3,65,571,470,ZGR
18606423,,,,263,
16107896,,,,990,
01720678,,,,139,
09454195,,,,168,
21904952,,,204,,IILR
03400255,,,,711,
05312485,2,,149,794,EuR
03401758,,36,551,,ZParl
18645720,,,,715,
18656935,,,,917,
21935777,,130,313,,NZWiSt
27030776,,,513,,ZfDR
14383373,,120,101,1058,VerkA
0932058X,,,,279,
0940788X,,,,1490,
14344181,,,394,86,SchuR
23661992,,,444,849,"VerwA, VerwArch"
21908230,,,56,,CCLR
09433147,,,547,,ZOV
18648304,,,188,,GreifRecht
16137647,,,,857,
0003231X,,,,178,
23654651,,,,1024,
00057215,,,,12,
2366522X,,,,1290,
14354470,,,,939,
23668393,,,,1425,
09375341,,,,693,
00266884,,,284,752,MittDtPatA
01791508,,,,1644,
01761242,,,,1386,
27007316,,,,831,
14361612,,,,836,
21927480,,,,1180,
09479856,,,443,,VM
18652719,,,214,,JbArbR
09483209,,,370,887,RPG
18652026,,,,458,
16118774,,,,1519,
00821934,,,,29,
18687784,,,256,,KSI
21903212,,,,535,
09487182,,,,1578,
25096214,,,,1023,
16117727,,,,832,
1865830X,,,,599,
25129627,,,,914,
21927413,,,,1098,
03003329,,,,777,
09409025,,,,1369,
18653820,,,,933,
09432531,,,,667,
01720716,,,,230,
07218451,,,,1623,
23653868,,,,1000,
03420809,,,,625,
16121864,,,535,,ZJJ
16184157,,,279,354,MK
03422259,,,92,633,Landkreis
23666757,,,369,,RuP
27474690,,,,1521,
21926522,,,,1181,
0343656X,,,,1140,
1616170X,,,,973,
09338519,,,,1231,
18661475,,,,1431,
18655203,41,,98,,"STAAT, Staat, DS"
07242247,,85,354,729,R&P
18690033,,,,1535,
09469966,,,,530,
01791990,37,43,61,,CR
09431799,,,,1010,
2364284X,,,152,,EDPL
03411095,,,,796,
18630626,,,,1237,
09453253,,,,717,
0342300X,,,459,,WSI Mitt.
21958971,,,111,123,DStZ
18661556,,,,1266,
18658202,,,,675,
10191151,,,391,1512,SP
00298921,,,328,,Öbl
09382755,,,,1288,
13851306,,,33,,ARIEL
09432760,,,,1071,
1864015X,,,,1306,
01728245,,,,319,
21923035,,,,1150,
16146123,,,79,670,Bausachverständige
29423570,,,596,,ZDRW
18653030,,,205,,JLL
23650079,,,,469,
21927162,,,0,,AUR
18695361,,,431,,VIA
29423163,,,469,,djbZ
2748615X,,,,252,
21930821,,,,1347,
23044934,26,,,754,
03407918,9,30,43,779,BB
00152218,,,161,,FA
18620930,,,,1138,
18691676,,,340,,PPRQ
1612703X,35,,509,827,"ZStW, ZStrW"
09430008,,,,1009,
00442585,,,,588,
0939401X,,,405,550,S+P
21958882,,,326,,OzSR
09416927,,,,1648,
25125109,,,,1259,
07214847,,,,1241,
0080018X,,,,657,
01742108,,119,201,700,"InfAuslR, IAR"
01794051,,133,526,,ZG
14395355,,,450,69,Vollstr
00407585,,,,516,
0522456X,,,36,,BJM
16188349,,,84,,FamRB
01726617,,,343,359,PharmR
18687938,,,516,,ZESAR
09348964,,,,488,
0340692X,,,,371,
09482369,,,,618,
19955855,,,447,,ICL-Journal
29424240,,,604,,ZgS
05146496,39,25,557,,ZRP
17252539,,,,13,
0721880X,33,11,322,,NVwZ-Extra
07246951,,,,92,
01748262,,,,283,
00226882,8,12,236,273,JZ
1613026X,,,,349,
16189876,,,,718,
03447839,,,,1488,
1860319X,,,,977,
27474461,,,470,,"ZARG, ZAR"
1611440X,,,,113,
21917345,,,451,,WzS
01710796,,,,834,
27003299,,,,1004,
18649769,,,166,,FMP
26998068,,,,1375,
03411966,,72,255,401,KrimJ
16183401,,,,1013,
0948017X,,,,1163,
16628705,,,399,,SZW
01774573,,,,484,
01701452,24,,238,473,JURA
0933551X,,,,10,
18688098,,,382,,RW
18686796,25,,16,902,AöR
23635614,,,23,901,ARSP
25686380,,,605,,ZInsO
23063734,,,447,,ICL-Journal
16169743,,,,727,
09412344,,,,1588,
14378337,,,,186,
21917442,,,151,,ECLR
00120774,,,,2,
16131282,,74,78,,AR
00306444,,89,339,291,OER
02323125,,,,1595,
18660916,,,,1418,
16111958,,,516,,ZESAR
09484655,,,,1464,
25099019,,,,1459,
23660945,,,,250,
07246617,,,113,,DWW
07206240,,,138,,et
00059935,19,48,80,1689,DB
01741225,,52,14,366,AiB
00442348,36,37,474,788,ZaöRV
09414363,,,,1603,
27502783,,,45,,BRuR
14344602,,,156,,FAR
14367246,,,,1646,
17257638,,,,924,
1614760X,,,388,885,RVGreport
02541467,,,,426,
2192743X,,,,1402,
29419727,,,,1251,
09371141,,,,731,
03438767,,,,563,
18658296,,,,830,
1865827X,,,,54,
18606431,,,,121,
21900361,,,,1570,
21994609,,,,1581,
25097725,,,,1171,
16116011,,,,1043,
1861020X,,,,34,
25099108,,,,1011,
04181263,,,,485,
18695639,,,88,,IPRB
26999919,,,,811,
22238751,,,,1472,
01786687,,,,1315,
25201832,,,,863,
00489069,,,390,297,SAE
23666935,,,,695,
14370344,,,594,411,WuB
21950261,,,355,995,RAW
18609872,,,,598,
0038884X,41,0,98,,"STAAT, Staat, DS"
25096192,,,,1111,
18634133,,,,128,
26251868,,138,496,,GVRZ
03423557,,,,641,
1437997X,,,,127,
14313928,,,,444,
00704423,,,,980,
23662018,,,157,406,FuR
18668585,,,514,,EWeRK
01794108,,,,304,
23654635,,,,1361,
00209368,,,209,,IWB
18601596,,,,47,
18658059,,,,61,
0170687X,,,,747,
18616631,,129,537,203,ZKJ
09380175,,,189,,GuG
16112962,,,142,,BVerfGE
09303065,,,40,498,BerlAnwBl
15608670,,,337,,öarr
0029893X,,,,547,
23652780,,,,1458,
22272410 (19191944),,,,499,
16130251,,,,879,
22260412,,,522,,"ZFE, EF-Z"
21922918,,,,1168,
16118782,,,,1643,
18638511,,,60,301,CuA
18661572,,,,1351,
23665262,,,,1077,
26276208,,,,1480,
01717227,,,8,508,ANA-ZAR
01739042,,,,280,
14203723,,,270,1153,ML
18694268,,,531,,InsVZ
07211279,,,254,1118,KrimPäd
18649343,,,,1501,
01770357,,,,541,
23634960,,,508,,ZfPW
14301326,,,,1536,
18607292,,,,1675,
07247699,,,,912,
21914699,,,,1260,
09346333,,,,652,
14330172,,,529,,ZfIR
21930732,,,,1133,
23645644,,,,1318,
23668210,,,,1411,
14353474,,,,235,
00037605,,,,261,
14393662,,,,475,
00169404,,,179,423,GewArch
18633889,,,256,,KSI
18636470,50,,606,,ZIS
03439550,,,,0,
25103288,,,,873,
00845310,35,21,509,476,"ZStW, ZStrW"
23665203,,,,919,
00023752,0,64,119,,AG
23671270,,,,1362,
00665703,,,,1002,
23665327,,,,1112,
00437166,,,,331,
03437388,,,,966,
09413006,,,,418,
2702329X,,,,561,
14381397,,,,998,
21990220,,,390,164,SAE
0178613X,,,,617,
1615990X,,,,1571,
09459715,,,,758,
18665020,,,,957,
03413500,,,,342,
1868288X,,,324,,NWB
09497676,17,,116,,DStR
14369265,,,268,,"MarkenR, markenr"
03407411,,,,803,
09314342,,,,11,
05067286,,,432,5,VRÜ
27501086,,,,1162,
23664339,,,,1342,
00164739,,,,183,
03418669,,,428,662,UR
26295032,,,,390,
18687113,40,,18,974,AcP
17274745,,,,1308,
03408590,,,,448,
23662077,42,,609,1444,ZZP
27010910,,,,1037,
04337077,,,,6,
04088492,,,,434,
00064416,,,51,,Blätter
14341891,,,,144,
09479872,,,599,,ZfBR
15718190,,,,1338,
21927375,,,,1192,
14307669,,,,979,
00299340,,,330,,NZ
01762982,,,,1377,
03420825,,,,199,
18660347,,,,1604,
1437983X,,,,947,
14324903,,,,416,
18667597,,,,145,
00039225,,104,20,1621,ArchKrim
27007731,,,,699,
21987130,,,,1573,
21966214,,,283,,APBB-Mitt.
2194539X,,,207,,ISR
23649666,,,434,,VD
04051033,,,,403,
04051904,,,,1544,
16197992,,,,967,
16111982,,,581,,ZWeR
25099078,,,,864,
02590379,,,,346,
2510893X,,,,719,
18660223,,,,1526,
05449871,,,,1388,
00047805,,,,520,
2366102X,,,76,1008,ArbRB
14365995,,,264,,L&L
01743627,,,,669,
01786695,,,,50,
00209503,,,,108,
14393182,,,512,735,ZErb
03409503,,,130,,StBp
23649658,,,439,,VKU
01740210,,,,544,
21923760,,,395,,SchulR heute
07216890,16,18,582,636,Wistra
23654597,,,,878,
00234699,,,253,468,Kriminalistik
26296845,,,,925,
18660800,,,,1228,
04533283,,,,542,
09458867,,,,1154,
0943173X,,,,825,
03413551,,,,1538,
16127021,24,,238,,JURA
25096230,,,,1179,
22960074,,,,1160,
0341079X,,,,372,
29418879,,,553,,ZfP
16193741,,,573,,ZVI
07236123,,,,218,
00341398,,,381,,RT
14347261,,,406,271,"SR-A, SR"
03769461,,,,7,
04173120,,,,14,
18612652,,,,1234,
01722352,,,,681,
26991969,,,365,,RdZ
25099159,,,,173,
00163570,22,,,,
16117050,,,,1426,
04214714,,,,394,
1430872X,,,,658,
01719610,,,193,,HSGZ
23667125,,,483,,ZChinR
21941998,,,,714,
16124081,,,,1442,
09411674,,,,521,
18660371,,,,1611,
18635199,,,,916,
09480218,,110,458,,WissR
00039454,,,26,,UFITA
16189574,,,206,663,IIC
14393409,,,,505,
01734369,,,,1082,
23653442,,,,1106,
21959617,,,374,213,Rg
23653493,,,,604,
04828771,,,,125,
09435085,,,,1015,
04337158,,,,1577,
23668334,,,,1475,
27023389,,,,1125,
2942321X,,,230,,JEIH
14228181,,,,1328,
01755366,,,,782,
09356746,,,,1387,
16173759,,,250,,KommP spezial
18643310,,,,682,
01731599,,,408,557,SteuerStud
05244242,,,,399,
21930694,,,,976,
09358692,,,,554,
01734326,,,,457,
23672668,,,,1152,
01782908,,,,408,
23665807,,,,908,
16118499,,,,1671,
07215746,,128,473,,ZAR
25100149,,,,1360,
23653558,,,,1674,
16189027,,,274,,MPR
16104579,,,,654,
09320695,,,,1659,
18643434,,,457,35,wbl
18690688,,,160,,FamFR
09329390,,,,1294,
16171764,,,,1465,
01724983,,,,1561,
23665424,,,,1149,
18178456,,,272,1032,MR-Int
18698700,,,,1578,
07229313,,,,1687,
18660142,,,,1429,
25098462,,,,1638,
18757413,,,269,,MPYUNL
18687369,,,521,,ZevKR
14340585,,,,188,
27492117,,,,244,
04909690,,,,305,
02324172,,,,765,
00037648,12,,12,1668,AuR
14380439,,,,942,
23653515,,,,1653,
16135768,,,483,,ZChinR
01794043,,,316,,NJW-RR
0724360X,,,,985,
01748270,,,,16,
16115821,,,177,,GuS
18662137,,,,1396,
07211376,,,,1333,
2366116X,,,207,,ISR
18669034,,,,1391,
21938334,,117,359,,REE
18628931,,,,1253,
04876253,,,,27,
25679945,,,,1399,
00366234,,,,597,
01767283,,,,1350,
23666609,,,,1208,
09390014,,51,260,,LKV
03402746,,,,187,
27010937,,,,1534,
07249810,,,,918,
18661009,,,,1525,
09379819,,,376,1264,RechtsMed
18602096,,,,1201,
21975345,,,235,,jM
09419446,,,,1247,
18760104,,,,987,
18677002,,,9,,apf
18632319,,,,1403,
18698719,,,,1578,
09349200,,71,299,,NK
03448746,,,,608,
09330399,,,,481,
23637382,,,,651,
1831046X,,,,1213,
09498567,,,,1591,
21939527,,,208,238,IHR
23671688,,,,1298,
01749633,,,,566,
14391082,,,,1566,
26998343,,,,1374,
21930791,,,,1146,
14202484,,,,166,
01767976,,,,1553,
04391411,,,,1380,
23671335,,,,1220,
01712373,,,,1682,
1865634X,,,,1349,
01749412,,,,253,
01652826,,,,370,
16158040,,,511,622,ZNotP
09402160,,,,1346,
14382318,,,261,,LMuR
21935505,,,151,,ECLR
23669322,,,,1114,
21935157,,,404,,SR
21967261,,,596,,ZDRW
05687551,,,,616,
25102494,,,,1031,
14384841,,,,1547,
09345639,,,,668,
21917884,,,,100,
03794407,,,335,815,ÖZW
21979197,,,327,,OdW
09329595,,,,432,
16190025,,,,703,
21983127,,,,312,
09383816,,,,129,
0174948X,,,,1627,
27026493,,,,167,
00152196,,,163,,FR
1865813X,,,,120,
21956758,,,,200,
14382164,,,,1368,
07248040,,,,1249,
14343991,,,,539,
04357124,,,141,,BGHZ
18646492,,,543,,zfmr
18648029,,,128,,SGb
14205556,,,345,,Plädoyer
09314768,,,585,,ZWE
29423341,,,378,308,RphZ
21915857,,,,1254,
00323519,,88,127,769,Polizei
09325409,,,,723,
0724844X,,,,862,
09330186,,,,1295,
27003361,,,,259,
23650133,,,,1115,
29423376,,,382,,RW
00442690,,60,521,1666,ZevKR
14202476,,,,176,
18619754,,,273,1528,MIR
21930708,,,,868,
21926468,,,,1410,
2366441X,,,,1194,
03447626,,,,1667,
14342979,,,498,,BWNotZ
03422003,,,,771,
14372355,,91,227,23,KUR
1866377X,,,469,,djbZ
23646063,,,,1235,
09406158,,,307,,NZM
18696031,,,281,,MRW
10170588,,,37,,BauR
25683853,,,,340,
23095113,,,467,,ZVG
2510022X,,,,1279,
00442410,14,28,486,,FamRZ
01706411,,,,227,
21929831,,,,1033,
27511588,,,,1479,
10280677,,,,591,
02562383,,,,1005,
14398419,,,,1435,
21923450,,,494,52,ZGS
27495663,,,,124,
18651534,,,171,,FS
04189981,,,,433,
09357998,,,427,,UVR
04876881,,,,1329,
03413233,,,,576,
1727057X,,,,526,
00075930,,,,490,
09398198,,,124,194,ZMV
2366570X,,,,1116,
2195044X,,115,234,,JSE
18602754,,,,368,
23666730,,,339,72,OER
18627080,,,,843,
16166604,,,,660,
01705636,,,,387,
25100300,,,,1286,
09469028,,,,809,
01709259,,,,32,
04299485,,,,1440,
18659748,,,,287,
04358600,,,181,373,GRUR-Int
09302980,,,50,596,BlPMZ
26264870,,,,1283,
18657591,,,320,,NRÜ
25041444,,,468,,ZBJV
0036746X,,,,356,
2365466X,,,,1658,
02557339,,,,270,
14364417,,,,1531,
18661823,,,,1430,
21937869,27,,258,110,KritV
09400338,,,,1518,
14395126,,,,1640,
16197011,,,494,,ZGS
23668261,,,,568,
09388605,,,,938,
29420598,12,,12,212,AuR
16154800,,,,1441,
09290680,,,,948,
18609643,,,393,721,SchlHA
23652748,,,,1482,
22352953,,,342,,"PflR, PR"
18657222,,,132,,Ubg
09355553,,,77,,AusR
23671556,,,,1481,
09427880,,,,956,
09458719,,,,412,
18679145,,,,425,
09473017,,,32,482,AW-Prax
0939415X,,,,22,
03411915,20,3,297,1622,NJW
23671424,,,,1385,
07234309,,,,1269,
25100203,,,,1089,
0930861X,,,475,,ZIAS
16052544,,,336,,AnwBl Ö
21926476,,,,471,
20799047,,,466,,ZUV
18676995,,,,1239,
16616723,,,,968,
21994587,,,,258,
23665718,,,,1126,
07239416,10,50,583,319,ZIP
18662072,,,,1363,
01753207,,,,1061,
09395881,,,,1029,
25103245,,,,1477,
14383365,,,5,923,ASR
03407985,,,,1546,
23097507,,,333,,ÖZK
16119088,,,,1549,
2366536X,,,,1471,
03401812,6,26,288,515,MDR
04172094,,,,143,
16616715,,,,40,
14306069,,,,229,
03413349,,,,365,
09497129,,145,321,,NStZ-RR
14331845,,,,307,
18674429,,,,1147,
07201699,,,,1117,
18623980,,,437,937,VRR
25099191,,,,1651,
16118588,,,,1322,
26999099,,,,574,
21987408,,,,1202,
21903077,,,,970,
14244276,,,26,,UFITA
00834572,,,,1197,
2629804X,,,,1461,
25098489,,,,1332,
01786709,,,,300,
00323470,,,346,,PVS
04507126,,,247,,KStZ
0014391X,,,198,1335,IBR
09459960,,,,807,
09381015,,,,928,
1868680X,,,458,,WissR
01731564,,15,595,770,WuM
0341678X,,,81,710,Rpfleger
09447733,,,,736,
23640863,,,,909,
01748084,,,,1560,
14317826,,,,1636,
21987017,,,,1616,
18605338,,,27,,A&R
07242050,,,439,,VKU
09482342,,,,103,
23670398,,,,1001,
16149920,,,154,,ERCL
14342170,,,,861,
21984875,,,187,,GoJIL
00057045,,,,419,
27520773,,,,1050,
18660096,,,,1493,
23664436,,,,1148,
09417524,,,,1642,
07215126,,,,81,
01712330,,,,119,
0012060X,,,,148,
14391589,,,114,277,"DZWIR, DZWir"
2367136X,,,,1300,
09341307,,39,310,,NZV
07208170,,,,319,
23654279,,,,1075,
18632335,,,,1619,
2366231X,,,530,,KTS
09331611,,,,1641,
01767003,,,,402,
18602347,,,,1122,
00142492,,,,526,
03443094,,93,174,,GYIL
23647213,,,500,247,GPR
07208332,,,,1572,
0932772X,,,220,,JbItalienR
00717835,,,,296,
00367893,,,398,,ZStrR
23673311,,,,1027,
23665912,,,,1543,
03408809,,,,589,
27501132,,,,1343,
27476480,,,540,1059,ZfL
0342250X,,,438,,VRS
27005542,,,,1198,
23660414,,,487,,ZfgG
14348691,,,,1205,
16108663,,,,1657,
25100165,,,,1097,
01776762,,27,572,,ZUM
23661976,,,358,,RdE
18628109,,,197,,HuFR
09371125,,,242,,JurPC
18676170,,131,592,,Stu
14342820,,67,277,155,MRM
14300400,,,,109,
19770286,,,,107,
23665882,,,,1102,
16184912,,,169,751,Forum Kriminalpräv.
16118898,,,,1317,
18661483,,,,1592,
21926379,,,,1485,
26270110,,,,1080,
00436143,,,,768,
03711943,,,,884,
03234096,26,,464,326,ZRG-RA
23665289,,,,1305,
10195394,,,,477,
00675016,,,,532,
01737759,,,,826,
16130774,,,5,,ASR
01739549,,,,926,
01712357,,,,483,
16118650,,,585,,ZWE
05126320,,,,20,
14379147,,,,935,
2367153X,,,,874,
07232209,,,,1325,
14395908,,,568,,ZTR
0341129X,,,115,666,DAR
03403645,,,85,1631,gemeindehaushalt
26254107,,,317,525,NPLY
07236719,,,,388,
0943271X,,,,1587,
03423476,,105,491,745,ZLR
0947871X,,,,962,
0947501X,,,,709,
21941440,,,,757,
03406709,,,,1044,
09484396,,,549,499,ZöR
01719181,,,,452,
29426049,,,,789,
0174478X,,,,674,
18666582,,,,891,
16189108,,,,929,
14346354,,70,252,631,K&R
02325993,,,,538,
23662247,,,433,,VergabeR
14330261,,,,1128,
16171802,,,89,1354,ITRB
01712365,,,,1628,
21919658,,,,655,
16196244,,,,597,
14396351,,99,302,,NZBau
21925593,,111,503,,ZD
14356422,,,,1088,
16131096,,,420,,SVR
01788930,,7,357,512,RDV
05583624,,,,678,
1861759X,,,,1527,
27004627,,,8,,ANA-ZAR
16128117,,,286,,MIP
10284656,30,,,,
01779303,,,144,511,"EWiR, EWIR"
14368137,,,,1193,
01713051,,,,316,
07231822,,,,607,
21921784,,,,313,
27495728,,,,1275,
29419603,,,432,207,VRÜ
23662042,,,471,844,"ZfA, ZFA"
0404603X,,,,351,
23654554,,,,1178,
27488705,,,58,,CB
08630836,,,,1443,
23665866,,,,1095,
23652845,,,,1395,
09331212,,,,1550,
21929785,,,,1065,
09306420,,66,170,623,FoR
09320911,,,,1099,
21952833,,,306,,NZKart
23652004,,,533,,IWRZ
25694103,,,216,,JöR
2365449X,,,,1110,
14364778,,,305,767,NZI
14331500,,,,1127,
21930465,,,,1273,
14338300,,,,493,
09322256,,,,1244,
09457615,,,,1248,
16170253,,,,417,
00226920,43,40,240,785,JR
23671211,,,,1093,
14390515,,,293,,NuR
14373084,,,,1276,
04337131,,,,586,
21918074,,,597,,ZERL
09370641,,,,1520,
00299529,,,332,,ÖStZ
16118960,,,460,,Wussow-Informationen
27023303,,,,691,
16617673,,,,1505,
0172049X,,102,453,,WRP
01708724,,,,1100,
04709233,,,,1404,
21945829,,,137,,ER
00666505,,,24,,AfS
09349685,,,,136,
16189582,,,206,,IIC
16127013,,,564,,ZSE
01777068,,,,360,
2365287X,,,,74,
01715941,,,,1607,
09417648,,,425,65,ThürVBl
14306387,,,554,,ZPol
03423468,42,41,609,497,ZZP
1862443X,,,,1072,
07227280,,,,1655,
2367122X,,,,1504,
23666463,,,,1190,
25092413,,,,1565,
23671203,,,,1078,
05430194,,,,913,
18626718,,,,126,
03449440,,,,1216,
07233086,,,,106,
23653469,,,,1173,
03423182,,,120,,Bank
09474358,,,300,,NL-BzAR
23672684,,,,896,
05142784,,,576,,ZfV*
03439496,,,112,601,DVP
01792776,,,46,946,Betrifft Justiz
09391916,,,,83,
1430709X,,,,580,
18652050,,,,1222,
00289779,,,,1052,
01737767,,6,74,,DANA
23652705,,,,1453,
26988887,,,296,,NJOZ
01748092,,,,921,
00226904,18,,237,749,JA
07208162,,,30,,Aufsichtsrat
1612040X,,,280,,MRB
03447634,,,,1667,
18617425,,,,254,
18613969,,,,1358,
23665920,,,,1289,
16108140,,,287,,KammerForum
29604168,,,,698,
0013743X,,,138,,et
18652301,,,291,,myops
23654619,,,,1105,
09492844,,,108,464,Deutsche Polizei
04507169,,,,1670,
02326361,,,,1650,
00057142,,,,559,
16170938,,,,954,
23661496,,,584,,ZWH
07216963,,,96,,Personalrat
21944202,6,,288,93,MDR
05819792,,,,165,
14396777,,,100,,"UStB, UstB"
00258490,,139,93,692,MedSach
27880818,,,,472,
23665726,,,,1067,
18688810,,,226,,JoJZG
21965021,,,,895,
0720924X,,,,892,
16127803,,,203,,IR
21994390,,,,944,
00143529,,,,454,
14203588,,,,1438,
01702440,,,441,,VersPrax
07235577,,,,1487,
14345196,,,376,159,RechtsMed
23078545,,,,1414,
23640820,,,,1304,
18661696,,,105,431,DJZ
09331123,,,,1397,
00714674,,,,707,
01713272,,,,1460,
0176750X,,,,854,
00169153,,,,897,
2700726X,,,,1270,
05142571,,19,478,,ZBR
09434011,,,228,643,JRP
09399755,,,,210,
18660428,,,,1600,
16609077,,,,1246,
00012947,,,34,,AWR-Bulletin
16127048,3,,571,,ZGR
09383050,,77,148,,EWS
07225059,,,,690,
14337428,,,,744,
16611659,,,,922,
23665823,,,,1393,
1434677X,,96,307,,NZM
27022404,,,366,,RDi
25664840,,,204,,IILR
18605265,,,,1663,
0340840X,,,0,716,AUR
00807060,,,,1311,
09460055,,,,195,
16084535,,,,756,
25092634,,,,1463,
23665270,,,,338,
25102443,,,,1409,
18685757,,,,379,
23669284,,,,940,
01706446,,,,317,
21923639,,,,489,
07207271,,,,377,
14202395,,,262,,LeGes
23671238,,,,1170,
18664431,,,,705,
23044896,26,,,1551,
09415750,,,198,,IBR
0343835X,,,,1626,
09489835,,,,77,
25103261,,,,1580,
03401995,,,,1416,
18667600,,,,160,
09383492,,,,1265,
00424501,1,,444,761,"VerwA, VerwArch"
21988994,,,,969,
2513003X,,,,1048,
23670509,,,,1661,
07225962,,,,1204,
21957304,,,174,,GYIL
01740202,,143,558,813,ZfRsoz
25096257,,,,1355,
09358129,,,,1533,
03407926,,76,361,795,RIW
16129229,,,525,,GPR
09429247,,,282,,VDRW-Mitteilungen
04056779,,,47,1612,BewHi
14236982,,,,1034,
18641261,,,,1212,
09475052,,,,964,
00444278,,,,320,
09367438,,,,706,
1612863X,,,,582,
09341439,,,,953,
07226438,,,,600,
18661343,,,,1522,
16112296,,,90,,"Konzern, DK"
18674186,,,385,783,RNotZ
03448738,,,103,1087,DWE
00032336,,,,169,
05182220,,,,479,
04270207,,,,280,
23669349,,,,1457,
23651326,,,,1131,
29411149,,,277,981,MRM
18697976,,,64,,CFL
01766023,,,,1436,
01700413,,132,599,773,ZfBR
01738887,,,,519,
01706462,,,,634,
16132882,,,,478,
00039160,,112,19,615,AfkKR
0342197X,,87,140,357,BFHE
09315802,,,,1589,
18663850,,,,285,
00675237,,,,1539,
23666749,,,362,209,RdJB
16615751,,,,249,
04055179,,,,272,
21995052,,,227,,KUR
21929564,,,,1419,
21952841,,,493,,EnWZ
23662069,,,544,,ZMR
00341363,,,377,763,RpflBl
18691838,,,,1076,
05090717,,,595,770,WuM
25093568,,,,1371,
07244711,,,562,332,ZfSH/SGB
09369511,,,,590,
23671378,,,,1341,
01760912,,,,1314,
03403939,,55,479,66,ZfB
27474682,,,,1394,
00443638,,79,574,1691,ZVglRWiss
14382288,,,268,,"MarkenR, markenr"
00151440,,,,191,
16127684,,,,1578,
23654481,,,,1069,
23654600,,,,1210,
14399474,,,,424,
18655564,,,,350,
25096311,,,,1189,
07223358,,,,286,
03408760,,,,818,
09482350,,,,986,
03430219,,,,1169,
08635005,,,143,,RGSt
1438468X,22,,184,,GmbHR
05251710,,,,197,
27008924,,,,649,
01712675,,,,225,
00032131,,,,558,
03410714,,,,549,
23668245,,,,1303,
09404902,,,,26,
03433757,,,,1516,
1619649X,,,,740,
23662174,,,426,,TranspR
01791737,,,,223,
00752886,,,,817,
04026802,,,,117,
25100289,,,,1301,
09432728,,,,1542,
23662883,,,,321,
25099167,,,,182,
16111915,0,,,,
07206100,,,,292,
21944180,,,428,,UR
09451196,,,112,601,DVP
27495264,,,,1372,
1864922X,,,,201,
0323505X,,,,20,
0941696X,,,,1545,
00432059,,,451,536,WzS
14379287,,,,1620,
16190041,,,,1083,
23668415,,,,1196,
01715704,,,,492,
27015394,,,,135,
23652802,,,,1617,
0172942X,,,,233,
04027841,,,,441,
16163192,,,,609,
0932321X,,,,806,
21929580,,,,1144,
14355078,,,,240,
07231814,,,,242,
09431462,,61,128,,SGb
23662166,23,,418,837,StV
09481478,,,,347,
01739794,,,393,57,SchlHA
00367613,,,396,784,SJZ
02506459,,,545,,ZNR
09373438,,,,251,
09322671,,,,603,
09439609,,,,775,
16174704,,,,1233,
18664415,,69,267,,Marburg Law Review
16126297,,,588,,ImmoStR
18698735,,,,1578,
16166558,,,215,,JbFöderalismus
09447490,,,383,,RRa
09424571,,,31,355,AuAS
2625686X,,,,45,
04352041,,,,376,
0178966X,,,,1680,
25095269,,,,875,
14306123,,,,79,
09402152,,,,685,
18627617,,,197,,HuFR
07244371,,1,,112,
21913595,,,176,,GuP
01381695,,,,474,
01764411,,,,1021,
01736930,,,,1511,
25102362,,,,1281,
09404848,,,,1161,
01780689,,,379,322,RÜ
26998270,,,,1238,
18604048,,,,1007,
21967121,,,449,,VfZ
21909695,,,251,,KommP Wahlen
18699340,,,,930,
23639199,,,227,,KUR
01740326,,,,398,
23653671,,,,877,
03438600,,,,1094,
25130463,,,433,37,VergabeR
03012980,,,,198,
16147405,,,,1586,
21935599,,,,1420,
2510246X,,,,1224,
14338696,,,168,,FF
1613754X,,,228,840,JRP
29423589,,,520,141,ZEuS
18680763,,,,556,
01381644,,,,39,
18660754,,,,730,
07227574,,,,778,
0525549X,,,,243,
23652829,,,,1605,
25688855,,,,56,
07201753,15,13,309,,NStZ
04861469,,,363,152,RdL
18625533,,,532,,IRZ
04494393,,,,1092,
03439771,,,371,713,r+s
03403653,,,123,,Gemeinde [SH]
04909658,,,129,,Stbg
05317312,,,,76,
09407286,,,311,,NVwZ
0944128X,,,358,704,RdE
09383891,,,379,,RÜ
00299634 (1946),,,,620,
0084540X,,,561,1690,ZSR
07207794,,,,25,
18609260,,,,888,
1867237X,,,524,,ZGE
01727079,,,,776,
23641355,,,378,330,RphZ
14326973,,,87,,"GmbHStB, GmbH-StB"
25095307,,,,1145,
18644309,,,,800,
16104404,,,,1540,
2363863X,,,,231,
25108379,,,,1309,
18689728,,,,694,
09389288,,,,780,
00442127,,,468,640,ZBJV
21969817,,,352,,PinG
00283231,,8,298,486,NJ
18677142,,,,1541,
07206585,,46,349,,IPRax
01755692,,,,1499,
00752517,,23,216,619,JöR
23665343,,,,1584,
04471806,,,,1486,
04401492,,,,266,
16194993,,,374,,Rg
03411907,20,,297,1622,NJW
25673823,,,495,,GSZ
05691427,,,,1365,
23669659,,,,858,
00121347,17,,116,,DStR
07206704,,,,1645,
00424498,38,38,133,,"VERW, Verwaltung, DV"
18668690,,,412,,StC
25100246,,,,1090,
00127019,,,,560,
16197003,,,522,,"ZFE, EF-Z"
16162277,,,183,,GRUR-RR
09348239,,,,361,
25103202,,,,1474,
16137639,,,239,1006,JBl
2625719X,,,,393,
00341312,,,362,,RdJB
21923280,,,,1085,
21943370,,,,1278,
14350998,,,,276,
2366097X,0,,119,,AG
01759299,,,96,548,Personalrat
21933308,,,480,,BPUVZ
18661025,,,,1378,
2365127X,,,,881,
23671432,,,,1174,
03420817,,,122,,BKK
04871057,,,,870,
2366195X,,,201,,"InfAuslR, IAR"
01792830,27,122,259,1272,KritV
14319055,,,,268,
09361731,,,,906,
26289121,,,223,,JRE
01760661,,,,170,
16124871,,,,983,
03769453,,,,522,
1434338X,,,,1316,
03413888,,,39,,Br
23665394,,,,1452,
14355361,,,68,,Hauseigentum
25670557,,,,375,
00064491,,,,1051,
14371596,,,,156,
00075868,,,,746,
27012131,,,,1373,
0012057X,,,,1652,
23660651,34,,117,190,DVBl
02549441,,,,28,
21929823,,,,1383,
23653531,,,,920,
16109376,,,1,,AbfallR
2366200X,,,489,445,ZInsO
16184726,,,556,,ZRph
21935645,,,,871,
04878213,,,29,,ASDA-Bulletin
25099116,,,,1113,
03403149,,,,1203,
25665758,,,,1366,
01771108,,,,8,
25672754,,,233,,JuWiss
25117599,,,,1323,
00729590,,,,1439,
04238346,,,,1187,
00199303,,,,814,
0049223X,,,99,,StB
23653639,,,,1421,
23637595,,,124,,ZMV
14347970,,,10,,APR
26293684,,,,1679,
25099175,,,,1356,
14331357,,,,1574,
26981769,,,,952,
09408428,,,,1557,
03447960,,,,318,
09435344,,,,302,
09324569,,,231,,JITE
1619389X,,,,1120,
18673201,,,,989,
00048232,,,44,,AWD
09387145,,,,1183,
21952337,,,505,,W+B
01728563,,,,1664,
21955743,,,589,,InTeR
25098535,,,,1412,
18661637,,,,1392,
18692435,,,415,,SteuK
14352206,,10,550,,NordÖR
2942058X,,,404,,SR
16111095,,59,265,,LMK
23668296,,,,1025,
09377204,28,,147,,EuZW
09438181,,,,821,
01707620,,,416,787,StX
09480471,,,,325,
1619439X,,,,1433,
09357963,,,,959,
07245637,,,111,517,DStZ
10286780,,,,1039,
23665246,,,,383,
21994323,,,542,,medstra
16140974,,,161,,FA
16132548,,,150,,ECFR
23671319,,,,1408,
00807249,,,,149,
00341339,,,367,1681,RiA
25099213,,,,1242,
09479252,31,,419,,StraFo
23646055,,,,1225,
16100468,,,202,551,IÖD
09487301,,,,82,
07232233,,,,600,
16176561,,,,1367,
03435733,,,28,500,ArztR
10178147,,,,28,
16121368,,,,1211,
1864693X,,,,1379,
01777270,,,,743,
23654503,,,,55,
18660894,,,,95,
27004228,,,,1243,
23654511,,,,463,
16159063,,,118,1164,DPJZ
00299251,,,329,,ÖJZ
16183835,,,,656,
25103180,,,,1468,
18639658,,,134,,WPg
00442429,,,487,,ZfgG
2367167X,,,,1313,
21927340,,,,1502,
09481850,,,4,,AktStR
1432461X,,,530,,KTS
18660991,,,,1524,
17290732,,,,450,
01791982,,,,1219,
05820227,,,,1677,
03447871,,81,369,84,RuP
01790498,,,49,,BFH/NV
0170639X,,,,275,
21904251,,,199,,IMR
05616271,,,,1129,
03004627,,,,822,
01702815,,,,553,
03426106,,,,293,
05391512,,,,409,
27026507,,,,1567,
00443662,,,575,,ZVR
01748467,,,,738,
03405753,,,,905,
22960112,,,,180,
29423368,,,372,,RuZ
18679072,,,,610,
14350963,,,368,,RiAf
14353059,,,,799,
21929483,,,,1218,
27502767,11,,145,,EuGRZ
23661054,,,,99,
29424887,,,354,585,R&P
09374876,,,,438,
23636270,,,368,1489,RiAf
23652888,,,,1297,
00058238,,,,810,
05589118,,,,1271,
01706039,,,,688,
18656277,,,527,,HRRS
29402093,,,97,,"DS, Sachverständige"
07222181,,,,193,
09433929,32,35,598,,ZEuP
09422390,,29,41,1182,BtPrax
04050495,,,,1055,
1861986X,,,,161,
27492753,,,,162,
21951179,,,276,,MwStR
2192306X,,,,157,
09423974,,,,911,
04086953,,,,1405,
09462988,,,,1336,
03413268,,,,867,
09480587,,,470,,"ZARG, ZAR"
18623336,,,,1226,
2702184X,,,,575,
18660746,,,,728,
18654770,,,,232,
23669306,,,,1177,
14372037,,,,1450,
18615023,,,,760,
16137663,,,549,257,ZöR
14391449,,,,880,
16177223,,,476,546,BKR
16137655,,,,343,
14303868,,,,900,
07222351,,,,836,
00037664,,,,531,
16145674,,,,1109,
07231830,,,,382,
25130110,,,,1575,
03422429,,,442,,VersR
00234834,7,9,257,790,KJ
03408965,,,,717,
25102303,,,,1172,
27011313,,,,1654,
07202407,,141,445,,VBlBW
18699367,,,499,,öAT
0342894X,,,,1555,
03423379,,101,485,762,ZfF
09304460,,,,828,
25103334,,,,1364,
21958912,,,427,,UVR
23668318,,,,1130,
16133919,,84,566,,StoffR
03421945,30,58,356,629,RdA
26283379,,,,289,
07223501,,,91,802,Kriminalist
01724770,,,,67,
29420601,,,,1045,
18608760,,,319,611,Notar
00120618,,,109,1685,DRV
09484396 (1996),,,,499,
16192907,,,,284,
25689800,,,,999,
16171527,,121,89,,ITRB
25692852,,,589,,InTeR
18658245,,,,573,
14342901,,,,1232,
29423511,,,21,,UFITA
03406911,,,,805,
00171956,45,,186,797,"GA, GoltdA"
18697100,,,364,,RdTW
01706888,,,,1422,
29421624,,,299,,NK
18660983,,,,1307,
00032298,,,,696,
08632340,,,,192,
09426744,,,210,,"IStR, iStR"
0042384X,,,,514,
23666595,,,,848,
21913838,,106,360,513,RdFin
26295040,,,,1176,
21944172,37,,61,395,CR
27005410,,,,122,
16171063,,,433,374,VergabeR
21971862,,,352,,PinG
04875311,,,,115,
23638036,,,380,,RÜ2
00443735,,,579,,ZFW
09453873,,,407,,SpuRt
21929467,,,,1476,
03234142,26,,463,742,ZRG-KA
1614614X,,,2,,AL
01765159,,,,1184,
23661941,,,70,,JurBüro
18683770,,,501,,npoR
16196155,,,,339,
01706470,,,,627,
1866038X,,,,1494,
16120523,,,,1103,
21921253,,,,858,
27520668,,,,1053,
16127064,43,,240,766,JR
10225625,,,,288,
03423484,,,587,405,ZfZ
07237022,,,,708,
29423198,2,,149,241,EuR
1433884X,,,,1662,
21939535,,,383,282,RRa
09457097,,,392,,"SchAZtg, SchiedsAZ"
18661017,,,,1507,
09389636,,,,1615,
18628702,,,484,,ZCG
18660150,,,,1514,
00717657,,,,1665,
14223481,,,,142,
00139106,,,,741,
14379112,,,83,,"EStB,ErtrStB"
09336486,,,218,33,JbUTR
00333964,,,,137,
04189604,,,,529,
16119231,,,,1022,
23665408,,,,504,
18660118,,,,1540,
21944164,,,59,391,CRi
03083136,,,,140,
21965048,,,,899,
07226918,,,,211,
21944199,,,245,,KSzW
00815519,,,411,,StbJb
09338012,,,,130,
16101197,,123,178,,GesR
14220709,,,402,114,ZB
09467483,,,,381,
04247019,,,,1344,
25674439,,,53,,BLJ
2509629X,,,,1195,
25701061,,,429,624,UPR
21953821,,,,1296,
00121231,,82,115,666,DAR
09472045,,,158,,FPR
18631169,,,,179,
07207336,,,490,,Kreditwesen
18622860,,,346,,PVS
23664312,,,,1091,
25113666,,,607,1151,ZLVR
16127692,,,,1578,
15736512,,,33,,ARIEL
21951969,,,,725,
01721895,,,,1,
14356090,,,,1070,
18145590,,,,1608,
29423295,7,,257,455,KJ
21901503,,,249,,KKZ
14383292,,,164,,FR-Ertragssteuerrecht
18687059,44,,353,889,RabelsZ
00120413,,,106,,DLR
14348993,,,238,,JURA
00162779,,,,1066,
18677894,,,,151,
14369850,,,,378,
18673546,,,48,,BewertungsPraktiker
25100173,,,,174,
29408210,,,135,,DivRuW
21908168,,,588,,ImmoStR
21930724,,,,1583,
2192788X,,,,859,
21917981,,,,684,
09485341,,,,1523,
10229450,,,518,,EuZ
01706713,,,,133,
22357106,,,401,,SJKR
14331470,,,,1257,
